﻿prey;predator;Corpses
RSC017;RSC017;0
RSC017;RSC017;0
RSC017;RSC017;0
RSC017;RSC017;0
RSC017;RSC017;0
RSC017;RSC019;14
RSC017;RSC019;21
RSC017;RSC019;6
RSC017;RSC019;3
RSC017;RSC019;1
RSC017;RS5405;443
RSC017;RS5405;539
RSC017;RS5405;340
RSC017;RS5405;496
RSC017;RS5405;366
RSC019;RSC017;2
RSC019;RSC017;0
RSC019;RSC017;9
RSC019;RSC017;0
RSC019;RSC017;2
RSC019;RSC019;0
RSC019;RSC019;0
RSC019;RSC019;0
RSC019;RSC019;0
RSC019;RSC019;0
RSC019;RS5405;5
RSC019;RS5405;31
RSC019;RS5405;16
RSC019;RS5405;11
RSC019;RS5405;3
RS5405;RSC017;7
RS5405;RSC017;4
RS5405;RSC017;10
RS5405;RSC017;0
RS5405;RSC017;3
RS5405;RSC019;4
RS5405;RSC019;4
RS5405;RSC019;3
RS5405;RSC019;5
RS5405;RSC019;1
RS5405;RS5405;0
RS5405;RS5405;0
RS5405;RS5405;0
RS5405;RS5405;0
RS5405;RS5405;1